<persistence xmlns="http://jakarta.ee/xml/ns/persistence" version="3.0">
    <persistence-unit name="myPU">
        <provider>org.hibernate.jpa.HibernatePersistenceProvider</provider>
        <properties>
            <!-- Database Connection -->
            <property name="jakarta.persistence.jdbc.driver" value="org.postgresql.Driver"/>
            <property name="jakarta.persistence.jdbc.url" value="jdbc:postgresql://db:5432/mydatabase"/>
            <property name="jakarta.persistence.jdbc.user" value="admin"/>
            <property name="jakarta.persistence.jdbc.password" value="password"/>
           
            <!-- Hibernate Properties -->
            <property name="hibernate.dialect" value="org.hibernate.dialect.PostgreSQLDialect"/>
            <property name="hibernate.hbm2ddl.auto" value="update"/>
            <property name="hibernate.show_sql" value="true"/>
        </properties>
    </persistence-unit>
</persistence>